Isracard: אטרקציות,1. חמי געש,1+1 ברכישת כרטיס כניסה במחיר מלא בקופות אתר ''חמי געש''
Isracard: אטרקציות,2. היכל הקרח ICE PEAKS,1+1 לכרטיס להיכל הקרח ICE PEAKS בחולון
Isracard: אטרקציות,3. רשת משחקיות פעלטון,כרטיס כניסה 1+1 לרשת משחקיות פעלטון
Isracard: אטרקציות,4. רפטינג נהר הירדן,1+1 לשייט+אומגה ברפטינג נהר הירדן
Isracard: אטרקציות,5. לעוף על המים,1+1 בקניית כרטיס לשייט אקסטרים
Isracard: אטרקציות,6. מעלית הזמן בירושלים,1+1 לכרטיס   למעלית הזמן בירושלים
Isracard: אטרקציות,7. בשביל המעיינות,1+1 בשכירת אופניים לטיול של שלוש שעות בפארק המעיינות
Isracard: אטרקציות,8. קיפצובה,"כרטיס 1+1 ל""קיפצובה"""
Isracard: אטרקציות,9. צוק מנרה,1+1 לכרטיס כניסה לרכבל בצוק מנרה
Isracard: אטרקציות,10. מקלט הקופים הישראלי,1+1 למקלט הקופים הישראלי
Isracard: אטרקציות,11. מוזיאון המדע מדעטק,1+1 לכרטיס למוזיאון המדע המרתק מדעטק
Isracard: אטרקציות,12. אקשן פארק,1+1 לכרטיס לאקשן פארק
Isracard: אטרקציות,13. מרכז קנדה,"1+1 על כרטיס משולב להחלקה על הקרח + בריכה, השני חינם"
Isracard: אטרקציות,14. דבורת התבור,1+1 לכרטיס לדבורת התבור
Isracard: אטרקציות,15. הדב הלבן,1+1 בקניית כרטיס ילד כרטיס מבוגר חינם
Isracard: אטרקציות,16. חי כיף ראשון לציון,"1+1 לכרטיס לגן החיות ""חי - כיף"""
Isracard: אטרקציות,17. מיני ישראל,כרטיס 1+1 למיני ישראל
Isracard: אטרקציות,18. הקרקס החקלאי,כרטיס 1+1 בקרקס החקלאי
Isracard: אטרקציות,19. הגונדולייר פארק רעננה,כרטיס משולב שייט בספינה וסיור ברכבת פארק רעננה 1+1
Isracard: אטרקציות,20. רכבת הגונדולייר פארק הרצליה,1+1 לסיור זוגי ברכבת השעשועים בפארק הרצליה
Isracard: אטרקציות,21. עמותת טכנודע מדעת,כניסה לפארק ומוזיאון המדע בטכנודע חדרה 1+1
Isracard: אטרקציות,22. ימית ספארק המים,1+1 לכרטיס לימית ספארק המים
Isracard: אטרקציות,23. מעיינות חמי טבריה,1+1 בקניית כרטיס כניסה במעיינות חמי טבריה
Isracard: אטרקציות,24. מרכז קנדה,"1+1 על כרטיס להחלקה על הקרח, השני חינם"
Isracard: אטרקציות,25. קייקי מעין הגושרים,"1+1 לכרטיס ל""קייקי מעין הגושרים"""
Isracard: אטרקציות,26. מצנחי הים האדום,1+1 לכרטיס למצנחי הים האדום - בננה
Isracard: אטרקציות,27. ספירל פארק,1+1 לכרטיס לספירל פארק לקרוסלה משוגעת
Isracard: אטרקציות,28. לגן החיות הלימודי,כרטיס 1+1 לגן החיות הלימודי
Isracard: אטרקציות,29. בית האיכר,"כרטיס 1+1 ל""בית האיכר"""
Isracard: אטרקציות,30. דרך העץ,כרטיס כניסה חינם למבוגר ברכישת כרטיס ילד במחיר מלא
Isracard: אטרקציות,31. פארק השעשועים באלגן,"כרטיס מבוגר חינם ברכישת כרטיס לילד במחיר מלא, לפארק השעשועים באלגן"
Isracard: אטרקציות,32. מצנחי הים האדום,1+1 לכרטיס למצנחי הים האדום - אבוב בישיבה
Isracard: אטרקציות,33. מצנחי הים האדום,1+1 לכרטיס למצנחי הים האדום - אבוב בשכיבה
Isracard: אטרקציות,34. החווה של חוה,"כרטיס מבוגר חינם, בקניית כרטיס ילד במחיר מלא"
Isracard: אטרקציות,35. ספירל פארק,1+1 לכרטיס לספירל פארק למגדל נפילה
Isracard: אטרקציות,36. ספירל פארק,1+1 לכרטיס לספירל פארק לקרוסלת סוסים
Isracard: אטרקציות,37. חוף חנניה אילת,1+1 לכרטיס לשייט ביאכטת פרדייז + ארוחה בחוף חנניה באילת
Isracard: אטרקציות,38. חוף חנניה אילת,1+1 לכרטיס למצלול ז'ול ורן בחוף חנניה באילת
Isracard: אטרקציות,39. מרינה דייורס,1+1 למרינה דייורס (שנירקול מודרך) באילת
Isracard: אטרקציות,40. רפטינג נהר הירדן,1+1 לפיינטבול ברפטינג נהר הירדן
Isracard: אטרקציות,41. בוטיק השוקולד דה קרינה,"כרטיס 1+1 ברכישת כרטיס למבוגר, כרטיס לילד חינם בבוטיק השוקולד דה קרינה"
Isracard: אטרקציות,42. מרכז הרצל,"1+1 בקניית כרטיס מבוגר, ילד במתנה במרכז הרצל"
Isracard: עיצוב ומוצרים לבית,43. פרגולנד,משלוח חינם ברכישת גגון גשם או סוכך זרועות אירופאי ממונע
Isracard: עיצוב ומוצרים לבית,44. MOOKI,ערכת קריוקי מקצועית רק ב- 199 ₪ במקום 359 ₪
Isracard: עיצוב ומוצרים לבית,45. קרמיק דיפו,"ברז מפואר ואיכותי (7 שנות אחריות) במתנה, בקניית ארון אמבטיה בצבע אפוקסי"
Isracard: עיצוב ומוצרים לבית,46. אמריקן קומפורט,מכשיר עיסוי מפנק לכפות הרגליים במחיר מיוחד 790 ₪ במקום 999 ₪!
Isracard: עיצוב ומוצרים לבית,47. MOOKI,מסחטה לפירות וירקות קשים ב- 328 ₪ במקום 899 ₪
Isracard: עיצוב ומוצרים לבית,48. yes,מצטרפים ל- yes ונהנים מהתקנה ללא תשלום  (הנחה בשווי 99 ₪)
Isracard: עיצוב ומוצרים לבית,49. שטראוס מים,ברי המים תמי4 במחיר משתלם במיוחד בשבילכם
Isracard: עיצוב ומוצרים לבית,50. AliExpress,5$ החזר כספי בקניה   ב- 15$ ומעלה   ב- 11.11 באתר AliExpress
Isracard: עוד הפתעות,51. BringBring,60 ₪ מתנה לרכישה באתר BringBring סופרמרקט אונליין
Isracard: עוד הפתעות,52. גרייט שייפ,7 כניסות חינם ברצף למועדון הכושר בחודש
Isracard: עוד הפתעות,53. MyBabyGift,10% הנחה ברכישה באתר MyBabyGift
Isracard: עוד הפתעות,54. רוזן ומינץ,אופני דחיפה (צעידה) VISION ב-129 ₪ במקום 300 ₪
Isracard: עוד הפתעות,55. מועדון הכדורסל מכבי ת''א,גיפט כארד מפנק של DREAM CARD במתנה! ברכישת מנוי למועדון הכדורסל מכבי FOX ת''א
Isracard: עוד הפתעות,56. MOOKI,סוללת חירום 8000mAH להתנעת הרכב MIRACASE ב- 189 ₪ במקום 299 ₪
Isracard: עוד הפתעות,57. MOOKI,ערכת קריוקי מקצועית רק ב- 199 ₪ במקום 359 ₪
Isracard: עוד הפתעות,58. תיק ותיק,מזוודת טרולי איכותית למטוס ב-179 ₪ בלבד
Isracard: עוד הפתעות,59. ריקושט,תיק למחשב נייד/טאבלט דגם TUFAN  של MARCO POLO   ב- 205 ₪ במקום 319 ₪
Isracard: עוד הפתעות,60. אמריקן קומפורט,מכשיר עיסוי מפנק לכפות הרגליים במחיר מיוחד 790 ₪ במקום 999 ₪!
Isracard: עוד הפתעות,61. MOOKI,מסחטה לפירות וירקות קשים ב- 328 ₪ במקום 899 ₪
Isracard: עוד הפתעות,62. yes,מצטרפים ל- yes ונהנים מהתקנה ללא תשלום  (הנחה בשווי 99 ₪)
Isracard: עוד הפתעות,63. AliExpress,5$ החזר כספי בקניה   ב- 15$ ומעלה   ב- 11.11 באתר AliExpress
Isracard: עוד הפתעות,64. המנטור אלון אולמן,כרטיס זוגי ב- 147 ₪ להרצאה המבוקשת עם המנטור אלון אולמן
Isracard: אופנה,65. אתר ג'ייד,בלעדי באתר ג'ייד - כל האתר ללא מע''מ וגם סומק במתנה!
Isracard: אופנה,66. דפנה לוינסון HDL ו- SO SIMPLE,2 חולצות ב- 100 ₪ במכירת העודפים של דפנה לוינסון ו- so simple
Isracard: אופנה,67. MAELYS,25% הנחה על כל אתר מאליס MAELYS קוסמטיקה
Isracard: אופנה,68. AliExpress,5$ החזר כספי בקניה   ב- 15$ ומעלה   ב- 11.11 באתר AliExpress
Isracard: אוכל,69. BringBring,60 ₪ מתנה לרכישה באתר BringBring סופרמרקט אונליין
Isracard: אוכל,70. דוריס קצבים,בקבוק יין הבית במתנה! בקניה מעל 200 ₪ במסעדות דוריס קצבים
Isracard: אוכל,71. מסעדת הבשרית שליד,ארוחת המבורגר כולל צ'יפס ושתיה ב-45 ₪ במקום ב-75 ₪ במסעדת הבשרית שליד
Isracard: אוכל,72. מסעדת פינגויין,1+1 על ארוחות הבוקר במסעדת פינגויין
Isracard: אוכל,73. מסעדת אנטריקוטי,קינוח ו-2 כוסות יין במתנה! בקניית ארוחת ערב מלאה במסעדת אנטריקוטי
Isracard: אוכל,74. מייקס פלייס,בירה במתנה בקניה מתפריט הכריכים המיוחדים במייקס פלייס בין השעות 22:00-18:00
Isracard: אוכל,75. רסטו,15% הנחה על מגוון התפריט במסעדת Resto החל מהשעה 19:00
Isracard: אוכל,76. מסעדת ג'קו,ארוחה זוגית מלאה ב-199 ₪ במקום 289 ₪ במסעדת ג'קו
Isracard: אוכל,77. מסעדת צנעני,מסעדת צנעני - ארוחה זוגית ב- 159 ₪ במקום ב- 216 ₪
Isracard: אוכל,78. מסעדת מורגנפלד,מסעדת מורגנפלד - קינוח מתנה בקניית ארוחה מלאה
Isracard: אוכל,79. רוזליה,רוזליה - קפה וסופלה מתנה בהזמנת מנה מהתפריט
Isracard: אוכל,80. מסעדת השכן,מסעדת השכן - כוס יין הבית מתנה בהזמנת מנה עיקרית
Isracard: אוכל,81. מסעדת Milagro,מסעדת Milagro - ארוחה זוגית ב-99 ₪ במקום ב-154 ₪
Isracard: אוכל,82. סטקייה בכפר,סטקייה בכפר - קינוח מתנה בקניית זוג עיקריות
Isracard: אוכל,83. מסעדת צוקים,מסעדת צוקים - 12% הנחה על מגוון המנות העיקריות
Isracard: אוכל,84. מסעדת הדייגים הכשרה,מסעדת הדייגים - בקבוק יין מתנה בקניית ארוחה מלאה
Isracard: אוכל,85. מסעדת אלומה,מסעדת אלומה - 10% הנחה על כל התפריט
Isracard: אוכל,86. בוטיק השוקולד דה קרינה,"כרטיס 1+1 ברכישת כרטיס למבוגר, כרטיס לילד חינם בבוטיק השוקולד דה קרינה"
Isracard: הורים וילדים,87. היכל הקרח ICE PEAKS,1+1 לכרטיס להיכל הקרח ICE PEAKS בחולון
Isracard: הורים וילדים,88. אנני המחזמר,כרטיס 1+1 לאנני המחזמר
Isracard: הורים וילדים,89. תיאטרון אורנה פורת,כרטיס ב-55 ₪ במקום 75 ₪ להצגה ''שועלון מחפש חברים''
Isracard: הורים וילדים,90. תיאטרון אורנה פורת,כרטיס ב-55 ₪ במקום 75 ₪ להצגה ''שקשוקה ושוד הלימונים הגדול''
Isracard: הורים וילדים,91. תיאטרון אורנה פורת,כרטיס ב-35 ₪ במקום 45 ₪ להצגה ''צוציקים''
Isracard: הורים וילדים,92. תיאטרון אורנה פורת,כרטיס ב-35 ₪ במקום 45 ₪ להצגה ''בלונים''
Isracard: הורים וילדים,93. אתר התיירות גוליבר,"30$ הנחה בהזמנת חופשה לחו""ל באתר גוליבר"
Isracard: הורים וילדים,94. רשת משחקיות פעלטון,כרטיס כניסה 1+1 לרשת משחקיות פעלטון
Isracard: הורים וילדים,95. תיאטרון אורנה פורת,כרטיס ב-50 ₪ במקום 60 ₪ להצגה עכבר העיר ועכבר השדה
Isracard: הורים וילדים,96. גוליבר,גוליבר - כרטיס 1 + 1
Isracard: הורים וילדים,97. רפטינג נהר הירדן,1+1 לשייט+אומגה ברפטינג נהר הירדן
Isracard: הורים וילדים,98. לעוף על המים,1+1 בקניית כרטיס לשייט אקסטרים
Isracard: הורים וילדים,99. מעלית הזמן בירושלים,1+1 לכרטיס   למעלית הזמן בירושלים
Isracard: הורים וילדים,100. בשביל המעיינות,1+1 בשכירת אופניים לטיול של שלוש שעות בפארק המעיינות
Isracard: הורים וילדים,101. תיאטרון אורנה פורת,כרטיס ב-55 ₪ במקום 75 ₪ להצגה טרופותי
Isracard: הורים וילדים,102. רוח התיאטרון - תיאטרון גשר,1+1 מהמחיר המלא לכל דרגות המחיר להצגת ''רוח התיאטרון''
Isracard: הורים וילדים,103. קיפצובה,"כרטיס 1+1 ל""קיפצובה"""
Isracard: הורים וילדים,104. צוק מנרה,1+1 לכרטיס כניסה לרכבל בצוק מנרה
Isracard: הורים וילדים,105. מקלט הקופים הישראלי,1+1 למקלט הקופים הישראלי
Isracard: הורים וילדים,106. מוזיאון המדע מדעטק,1+1 לכרטיס למוזיאון המדע המרתק מדעטק
Isracard: הורים וילדים,107. אקשן פארק,1+1 לכרטיס לאקשן פארק
Isracard: הורים וילדים,108. מרכז קנדה,"1+1 על כרטיס משולב להחלקה על הקרח + בריכה, השני חינם"
Isracard: הורים וילדים,109. דבורת התבור,1+1 לכרטיס לדבורת התבור
Isracard: הורים וילדים,110. הדב הלבן,1+1 בקניית כרטיס ילד כרטיס מבוגר חינם
Isracard: הורים וילדים,111. חי כיף ראשון לציון,"1+1 לכרטיס לגן החיות ""חי - כיף"""
Isracard: הורים וילדים,112. MyBabyGift,10% הנחה ברכישה באתר MyBabyGift
Isracard: הורים וילדים,113. רוזן ומינץ,אופני דחיפה (צעידה) VISION ב-129 ₪ במקום 300 ₪
Isracard: הורים וילדים,114. MOOKI,מסחטה לפירות וירקות קשים ב- 328 ₪ במקום 899 ₪
Isracard: הורים וילדים,115. AliExpress,5$ החזר כספי בקניה   ב- 15$ ומעלה   ב- 11.11 באתר AliExpress
Isracard: הורים וילדים,116. מיני ישראל,כרטיס 1+1 למיני ישראל
Isracard: הורים וילדים,117. אביבים הפצות,מארז כרטיסיות משחק לימודיות לגילאי 7-5 ב- 99 ₪
Isracard: הורים וילדים,118. אביבים הפצות,מארז כרטיסיות משחק לימודיות לגילאי 3-6 רק ב- 99 ₪
Isracard: הורים וילדים,119. היה היה היסטוריה,מארז הכולל 5 תקליטורי DVD היה היה היסטוריה ב- 112 ₪
Isracard: הורים וילדים,120. הסוד של מיה,מנוי לשנה ב- 145 ₪ לאתר המשחקים והלמידה לגילאי 3-7
Isracard: הורים וילדים,121. התיאטרון שלנו,''התיאטרון שלנו'' - כרטיס שני להצגה ב-50% הנחה
Isracard: הורים וילדים,122. הקרקס החקלאי,כרטיס 1+1 בקרקס החקלאי
Isracard: הורים וילדים,123. הגונדולייר פארק רעננה,כרטיס משולב שייט בספינה וסיור ברכבת פארק רעננה 1+1
Isracard: הורים וילדים,124. אביבים הפצות,חשיבה המצאתית - מארז לומדות של קומפדיה ב- 89 ₪
Isracard: הורים וילדים,125. אביבים הפצות,אתגרי חשיבה מרתקים - מארז לומדות של קומפדיה ב- 89 ₪
Isracard: הורים וילדים,126. אביבים הפצות,הפנתר הורוד - מארז לומדות של קומפדיה ב- 89 ₪
Isracard: הורים וילדים,127. אביבים הפצות,חוברות לימוד חדשות ''פשוט ללמוד'' במיוחד לגילאי 7 - 10 ב- 75 ₪
Isracard: הורים וילדים,128. אביבים הפצות,חוברות לימוד חדשות ''פשוט ללמוד'' במיוחד לגילאי 5 - 7 ב- 75 ₪
Isracard: הורים וילדים,129. אביבים הפצות,חגיגה של משחקים - מארז לומדות של קומפדיה ב- 89 ₪
Isracard: הורים וילדים,130. אביבים הפצות,סיפורי הילדים הגדולים בכל הזמנים ב- 78 ₪
Isracard: הורים וילדים,131. אביבים הפצות,''פצפונים'' - מארז הכולל  10 די.וי.די לפעוטות וילדי הגן ב- 158 ₪
Isracard: הורים וילדים,132. אביבים הפצות,שירי הילדים הגדולים בכל הזמנים ב- 78 ₪
Isracard: הורים וילדים,133. אביבים הפצות,שירי החגים הגדולים בכל הזמנים - מארז תקליטורי CD לילדים ב- 78 ₪
Isracard: הורים וילדים,134. רכבת הגונדולייר פארק הרצליה,1+1 לסיור זוגי ברכבת השעשועים בפארק הרצליה
Isracard: הורים וילדים,135. עמותת טכנודע מדעת,כניסה לפארק ומוזיאון המדע בטכנודע חדרה 1+1
Isracard: הורים וילדים,136. יומולדת למולדת עם סבא טוביה,כרטיס 1+1 ליומולדת למולדת עם סבא טוביה
Isracard: הורים וילדים,137. ברבאבא,''ברבאבא'' - מארז ספרים חדש ב-125 ₪
Isracard: הורים וילדים,138. גאוני הטריויה,גאוני הטריויה - משחקי טריוויה לילדים - מארז לגילאי 3 - 6  ב- 95 ₪
Isracard: הורים וילדים,139. משחקי טריוויה לילדים,גאוני הטריויה - משחקי טריוויה לילדים - מארז לגילאי 6 - 10  ב- 95 ₪
Isracard: הורים וילדים,140. 3 מארזים של שירי הילדים,אוסף הילדים המושלם  כולל 3 מארזים ב-199 ₪
Isracard: הורים וילדים,141. חנה'לה ושמלת השבת,זוג כרטיסים ב- 119 ש''ח להצגה חנהל'ה ושמלת השבת
Isracard: הורים וילדים,142. ''הרפתקאות דוד אריה והמכשפה חמתותה'',כרטיס 1+1  למופע ''הרפתקאות דוד אריה והמכשפה חמתותה''
Isracard: הורים וילדים,143. אביבים הפצות,פישר פרייס - מארז ערכות פעילות לילדים רק ב- 89 ₪
Isracard: הורים וילדים,144. 3 ספרי משחק לילדים,מארז של 3 ספרי משחק  לילדים ! ב- 125 ₪
Isracard: הורים וילדים,145. מארז פעילות ספיידרמן,ספיידרמן - מארז פעילויות חדש ! ב- 65 ₪
Isracard: הורים וילדים,146. סבתא בישלה דייסה + המטריה הגדולה של אבא,מארז מיוחד של 2 ספרים רק ב- 89 ₪
Isracard: הורים וילדים,147. ,יוצרים בפלסטלינה - מארז ערכות משחק ויצירה לילדים ב- 95 ₪
Isracard: הורים וילדים,148. מספרים חיות צורות ואותיות זה כייף,4 ספרי משחק בצרוף טוש ודפים מחיקים רק  119 ₪
Isracard: הורים וילדים,149. משחקים ולומדים עם איתמר,משחקים ולומדים עם איתמר - קומפדיה רק 165 ₪
Isracard: הורים וילדים,150. מאה מילים ומאה חיות,מאה מילים ומאה חיות - מארז 2 ספרים קשיחים לילדים ב- 75 ₪
Isracard: הורים וילדים,151. ויראליטי,1+1 לשעת משחק ליחיד ב''ויראליטי'' רק 130 ₪ לזוג
Isracard: הורים וילדים,152. גאוני - מארז משחקי מגנט ללימוד אנגלית חלק א',גאוני - מארז משחקי מגנט ללימוד אנגלית - חלק א' ב- 129 ₪
Isracard: הורים וילדים,153. גאוני - מארז קלפי משחק להעשרת שפה וידע,גאוני - מארז קלפי משחק להעשרת שפה וידע רק ב- 95 ₪
Isracard: הורים וילדים,154. גאוני - מארז משחקי התאמה ללימוד אנגלית - חלק ב,גאוני - מארז משחקי התאמה ללימוד אנגלית - חלק ב רק ב- 125 ₪
Isracard: הורים וילדים,155. החיה וביתה - מארז משחקי התאמה מגנטיים,החיה וביתה - מארז משחקי התאמה מגנטיים ב- 114 ₪
Isracard: הורים וילדים,156. משחקי התאמה מגנטיים - פשוט בדרכים + השעון שלי,משחקי התאמה מגנטיים - פשוט בדרכים + השעון שלי ב- 114 ₪
Isracard: הורים וילדים,157. גאוני - דומינו צורה וצבע + אני ועבודתי,גאוני - דומינו צורה וצבע + אני ועבודתי ב- 114 ₪
Isracard: הורים וילדים,158. 100 מילים ראשונות,100 מילים ראשונות מארז של 4 ספרי ילדים קשיחים ב- 118 ₪
Isracard: הורים וילדים,159. גאוני - פשוט לאיית א-ת חלק ב' + רביעיות א-ת,גאוני - פשוט לאיית א-ת חלק ב' + רביעיות א-ת רק ב- 105 ₪
Isracard: הורים וילדים,160. מארז משחקי מגנט ללימוד אותיות ומספרים,מארז משחקי מגנט ללימוד אותיות ומספרים ב- 115 ₪
Isracard: הורים וילדים,161. ספרי פאזל חדשים לילדים - מארז של 4 ספרים קשיחים,ספרי פאזל חדשים לילדים - מארז של 4 ספרים קשיחים  ב- 99 ₪
Isracard: הורים וילדים,162. גאוני - פשוט להתלבש + פשוט לקשור,גאוני - פשוט להתלבש + פשוט לקשור ב- 114 ₪
Isracard: הורים וילדים,163. ''הדחליל סבא אליעזר והגזר'',כרטיס ב-49 ₪ במקום 99 ₪ להצגת הילדים ''הדחליל סבא אליעזר והגזר''!
Isracard: הורים וילדים,164. WIPARK פארק אקסטרים,כרטיס 1+1 ל-WIPARK פארק אקסטרים בבאר שבע
Isracard: הורים וילדים,165. פסטיSlime בחנוכה,כרטיס 1+1 ל- פסטיSlime בחנוכה
Isracard: הורים וילדים,166. קרקס מיומנה לילדים - חנוכה 2018,כרטיס 1+1 לקרקס מיומנה לילדים - חנוכה 2018
Isracard: הורים וילדים,167. ימית ספארק המים,1+1 לכרטיס לימית ספארק המים
Isracard: הורים וילדים,168. תיאטרון גשר - מסעות אודיסאוס,1 + 1  מהמחיר המלא לכל דרגות המחיר למסעות אודיסאוס
Isracard: הורים וילדים,169. מעיינות חמי טבריה,1+1 בקניית כרטיס כניסה במעיינות חמי טבריה
Isracard: הורים וילדים,170. תיאטרון אורנה פורת,כרטיס ב-65 ₪ במקום 90 ₪ להצגה האגדה על מולאן
Isracard: הורים וילדים,171. תיאטרון אורנה פורת,כרטיס ב-55 ₪ במקום 75 ₪ להצגה שרלוק הולמס
Isracard: הורים וילדים,172. תיאטרון אורנה פורת - אי המטמון,כרטיס ב-65 ₪ במקום 90 ₪ להצגה אי המטמון
Isracard: הורים וילדים,173. תיאטרון אורנה פורת,כרטיס ב-50 ₪ במקום 60 ₪ להצגה חברים על הגשר
Isracard: הורים וילדים,174. תיאטרון אורנה פורת,כרטיס ב-55 ₪ במקום 75 ₪ להצגה מחסן השטוזים
Isracard: הורים וילדים,175. תיאטרון אורנה פורת,כרטיס ב- 55 ₪ במקום 75 ₪ להצגה בגן של ביאליק
Isracard: הורים וילדים,176. מרכז קנדה,"1+1 על כרטיס להחלקה על הקרח, השני חינם"
Isracard: הורים וילדים,177. תיאטרון אורנה פורת,כרטיס ב-35 ₪ במקום 45 ₪ להצגה תיאטרון פצפון
Isracard: הורים וילדים,178. קייקי מעין הגושרים,"1+1 לכרטיס ל""קייקי מעין הגושרים"""
Isracard: הורים וילדים,179. ספירל פארק,1+1 לכרטיס לספירל פארק לקרוסלה משוגעת
Isracard: הורים וילדים,180. לגן החיות הלימודי,כרטיס 1+1 לגן החיות הלימודי
Isracard: הורים וילדים,181. אביבים הפצות מארז ''הגשש החיוור'',מארז ''הגשש החיוור'' הכולל 10 תקליטורי DVD + מתנה ב - 385 ש''ח
Isracard: הורים וילדים,182. אביבים הפצות היה היה החיים,מארז הכולל 5 תקליטורי DVD ב 112 ₪ של היה היה החיים
Isracard: הורים וילדים,183. אביבים הפצות לומדים לקרוא,מארז ''לומדים לקרוא'' הכולל 3 תקליטורי מחשב וספר הדרכה ב 112 ₪
Isracard: הורים וילדים,184. אביבים הפצות - משחקים עם איתמר,מארז לומדות מחשב משחקים עם איתמר ב- 85 ₪
Isracard: הורים וילדים,185. בית האיכר,"כרטיס 1+1 ל""בית האיכר"""
Isracard: הורים וילדים,186. דרך העץ,כרטיס כניסה חינם למבוגר ברכישת כרטיס ילד במחיר מלא
Isracard: הורים וילדים,187. פארק השעשועים באלגן,"כרטיס מבוגר חינם ברכישת כרטיס לילד במחיר מלא, לפארק השעשועים באלגן"
Isracard: הורים וילדים,188. מצנחי הים האדום,1+1 לכרטיס למצנחי הים האדום - אבוב בשכיבה
Isracard: הורים וילדים,189. החווה של חוה,"כרטיס מבוגר חינם, בקניית כרטיס ילד במחיר מלא"
Isracard: הורים וילדים,190. ספירל פארק,1+1 לכרטיס לספירל פארק למגדל נפילה
Isracard: הורים וילדים,191. ספירל פארק,1+1 לכרטיס לספירל פארק לקרוסלת סוסים
Isracard: הורים וילדים,192. חוף חנניה אילת,1+1 לכרטיס לשייט ביאכטת פרדייז + ארוחה בחוף חנניה באילת
Isracard: הורים וילדים,193. חוף חנניה אילת,1+1 לכרטיס למצלול ז'ול ורן בחוף חנניה באילת
Isracard: הורים וילדים,194. מרינה דייורס,1+1 למרינה דייורס (שנירקול מודרך) באילת
Isracard: הורים וילדים,195. רפטינג נהר הירדן,1+1 לפיינטבול ברפטינג נהר הירדן
Isracard: הורים וילדים,196. בוטיק השוקולד דה קרינה,"כרטיס 1+1 ברכישת כרטיס למבוגר, כרטיס לילד חינם בבוטיק השוקולד דה קרינה"
Isracard: הורים וילדים,197. מרכז הרצל,"1+1 בקניית כרטיס מבוגר, ילד במתנה במרכז הרצל"
Isracard: הורים וילדים,198. אביבים הפצות,מארז ''קרובים קרובים'' הכולל 7 תקליטורי DVD ב-112 ₪
Isracard: הורים וילדים,199. אביבים הפצות - מארז פעילות סמי הכבאי,סמי הכבאי - מארז פעילות ב- 75 ₪
Isracard: הורים וילדים,200. תיאטרון אורנה פורת,כרטיס ב-55 ₪ במקום 75 ₪ להצגה ''פטר והזאב''
Isracard: הורים וילדים,201. אביבים הפצות - מארז פעילות מטוסי על,מארז פעילות מטוסי על ב- 75 ₪
Isracard: טיולים,202. חמי געש,1+1 ברכישת כרטיס כניסה במחיר מלא בקופות אתר ''חמי געש''
Isracard: טיולים,203. היכל הקרח ICE PEAKS,1+1 לכרטיס להיכל הקרח ICE PEAKS בחולון
Isracard: טיולים,204. שלמה SIXT,"17% הנחה לשוכרים רכב לחו""ל"
Isracard: טיולים,205. אתר התיירות גוליבר,"30$ הנחה בהזמנת חופשה לחו""ל באתר גוליבר"
Isracard: טיולים,206. רפטינג נהר הירדן,1+1 לשייט+אומגה ברפטינג נהר הירדן
Isracard: טיולים,207. אטלקה תיירות,יום כיף בספא מלון ספא קלאב ים המלח החל מ- 155 ₪ באמצ''ש
Isracard: טיולים,208. לעוף על המים,1+1 בקניית כרטיס לשייט אקסטרים
Isracard: טיולים,209. מעלית הזמן בירושלים,1+1 לכרטיס   למעלית הזמן בירושלים
Isracard: טיולים,210. בשביל המעיינות,1+1 בשכירת אופניים לטיול של שלוש שעות בפארק המעיינות
Isracard: טיולים,211. קיפצובה,"כרטיס 1+1 ל""קיפצובה"""
Isracard: טיולים,212. צוק מנרה,1+1 לכרטיס כניסה לרכבל בצוק מנרה
Isracard: טיולים,213. מקלט הקופים הישראלי,1+1 למקלט הקופים הישראלי
Isracard: טיולים,214. מוזיאון המדע מדעטק,1+1 לכרטיס למוזיאון המדע המרתק מדעטק
Isracard: טיולים,215. אקשן פארק,1+1 לכרטיס לאקשן פארק
Isracard: טיולים,216. מרכז קנדה,"1+1 על כרטיס משולב להחלקה על הקרח + בריכה, השני חינם"
Isracard: טיולים,217. דבורת התבור,1+1 לכרטיס לדבורת התבור
Isracard: טיולים,218. הדב הלבן,1+1 בקניית כרטיס ילד כרטיס מבוגר חינם
Isracard: טיולים,219. חי כיף ראשון לציון,"1+1 לכרטיס לגן החיות ""חי - כיף"""
Isracard: טיולים,220. AVIS,13% הנחה על השכרת רכב בחו''ל
Isracard: טיולים,221. TelAway,כרטיס סים לארה''ב קנדה ומקסיקו במחירים מפתיעים
Isracard: טיולים,222. Sim2fly,כרטיס סים לחו''ל כולל אינטרנט ושיחות ללא הגבלה! ב- 111 ₪ במקום 159 ₪
Isracard: טיולים,223. SkiDeal,"חופשת סקי בחנוכה ב-  Val Thorens, France ב- 1,199€ במקום 1,299€ לאדם"
Isracard: טיולים,224. אשת טורס,סופ''ש בוורשה במלון 5* ב - 998$ לזוג
Isracard: טיולים,225. מיני ישראל,כרטיס 1+1 למיני ישראל
Isracard: טיולים,226. ימית ספארק המים,1+1 לכרטיס לימית ספארק המים
Isracard: טיולים,227. מרכז קנדה,"1+1 על כרטיס להחלקה על הקרח, השני חינם"
Isracard: טיולים,228. אטלקה תיירות,יום כיף בספא מלון דניאל ים המלח ב-149 ₪ באמצ''ש
Isracard: טיולים,229. קייקי מעין הגושרים,"1+1 לכרטיס ל""קייקי מעין הגושרים"""
Isracard: טיולים,230. מצנחי הים האדום,1+1 לכרטיס למצנחי הים האדום - בננה
Isracard: טיולים,231. ספירל פארק,1+1 לכרטיס לספירל פארק לקרוסלה משוגעת
Isracard: טיולים,232. אטלקה תיירות,יום כיף בים המלח במלון הוד המדבר ים המלח החל מ- 160 ₪ באמצ''ש
Isracard: טיולים,233. בית האיכר,"כרטיס 1+1 ל""בית האיכר"""
Isracard: טיולים,234. דרך העץ,כרטיס כניסה חינם למבוגר ברכישת כרטיס ילד במחיר מלא
Isracard: טיולים,235. פארק השעשועים באלגן,"כרטיס מבוגר חינם ברכישת כרטיס לילד במחיר מלא, לפארק השעשועים באלגן"
Isracard: טיולים,236. מצנחי הים האדום,1+1 לכרטיס למצנחי הים האדום - אבוב בישיבה
Isracard: טיולים,237. מצנחי הים האדום,1+1 לכרטיס למצנחי הים האדום - אבוב בשכיבה
Isracard: טיולים,238. החווה של חוה,"כרטיס מבוגר חינם, בקניית כרטיס ילד במחיר מלא"
Isracard: טיולים,239. ספירל פארק,1+1 לכרטיס לספירל פארק למגדל נפילה
Isracard: טיולים,240. ספירל פארק,1+1 לכרטיס לספירל פארק לקרוסלת סוסים
Isracard: טיולים,241. חוף חנניה אילת,1+1 לכרטיס לשייט ביאכטת פרדייז + ארוחה בחוף חנניה באילת
Isracard: טיולים,242. חוף חנניה אילת,1+1 לכרטיס למצלול ז'ול ורן בחוף חנניה באילת
Isracard: טיולים,243. מרינה דייורס,1+1 למרינה דייורס (שנירקול מודרך) באילת
Isracard: טיולים,244. רפטינג נהר הירדן,1+1 לפיינטבול ברפטינג נהר הירדן
Isracard: טיולים,245. בוטיק השוקולד דה קרינה,"כרטיס 1+1 ברכישת כרטיס למבוגר, כרטיס לילד חינם בבוטיק השוקולד דה קרינה"
Isracard: טיולים,246. מרכז הרצל,"1+1 בקניית כרטיס מבוגר, ילד במתנה במרכז הרצל"
Isracard: תרבות,247. אלי ומריאנו,אלי ומריאנו - כרטיס במחיר 100 ₪ במקום 125 ₪
Isracard: תרבות,248. אנני המחזמר,כרטיס 1+1 לאנני המחזמר
Isracard: תרבות,249. סאלח שבתי,סאלח שבתי - כרטיס 1+1 החל מחודש מאי ברחבי הארץ
Isracard: תרבות,250. רותם כהן,50 ₪ הנחה לכרטיס למופע של רותם כהן
Isracard: תרבות,251. פרימיום סינמה,כרטיס שני לסרט בחצי מחיר בפרימיום סינמה
Isracard: תרבות,252. yes Planet / רשת רב חן,1+1 על כרטיסים לסרט קולנוע* ב- Yes Planet / רשת רב חן
Isracard: תרבות,253. yes Planet / רשת רב חן,1+1 על כרטיסים לסרט קולנוע* ב- Yes Planet / רשת רב חן
Isracard: תרבות,254. גוליבר,גוליבר - כרטיס 1 + 1
Isracard: תרבות,255. רוח התיאטרון - תיאטרון גשר,1+1 מהמחיר המלא לכל דרגות המחיר להצגת ''רוח התיאטרון''
Isracard: תרבות,256. ''טל פרידמן'',טל פרידמן- כרטיס למופע ב- 65 ₪ במקום 85 ₪
Isracard: תרבות,257. יעקב כהן,כרטיס ב- 65 ₪ במקום 85 ₪ ליעקב כהן - מופע סטנד
Isracard: תרבות,258. שלום אסייג,כרטיס ב- 90 ₪ במקום ב- 114 ₪ למופע של שלום אסייג
Isracard: תרבות,259. נאור ציון במופע חדש,נאור ציון במופע חדש כרטיס רק ב-85 ₪ במקום 114 ₪
Isracard: תרבות,260. פשבר - חן מזרחי,חן מזרחי - כרטיס במחיר 80 ₪ במקום 101 ₪
Isracard: תרבות,261. מר גרין בתיאטרון בית ליסין,כרטיס להצגה מר גרין רק ב- 69 ₪
Isracard: תרבות,262. הים הכחול העמוק בתיאטרון בית ליסין,כרטיס להצגה הים הכחול העמוק ב- 69 ₪
Isracard: תרבות,263. ''אוכל שתיה גבר אישה'',''אוכל שתיה גבר אישה'' כרטיס ב-125 ₪ במקום 155 ₪
Isracard: תרבות,264. רותם אבוהב,רותם אבוהב - כרטיס רק ב- 80 ₪ במקום 104 ₪
Isracard: תרבות,265. רמי ורד,כרטיס למופע של רמי ורד ב-60 ₪ במקום 81 ₪
Isracard: תרבות,266. להקת Jethro Tull,החל מ-139 ₪ לכרטיס למופע של להקת Jethro Tull
Isracard: תרבות,267. נדב אבוקסיס,כרטיס לנדב אבוקסיס רק ב- 75 ₪ במקום 104 ₪
Isracard: תרבות,268. המחזמר ''סימני דרך'',כרטיס 1+1 למחזמר ''סימני דרך'' בתיאטרון הבימה
Isracard: תרבות,269. ההצגה ''צמה של אבא'',כרטיס 1+1 להצגה ''צמה של אבא'' בתיאטרון הבימה
Isracard: תרבות,270. ההצגה ''המורדים'',כרטיס 1+1 להצגה ''המורדים'' בתיאטרון הבימה
Isracard: תרבות,271. ההצגה ''הכיתה שלנו'',כרטיס 1+1 להצגה ''הכיתה שלנו'' בתיאטרון הבימה
Isracard: תרבות,272. ההצגה ''פילומנה'',כרטיס 1+1 להצגה ''פילומנה'' בתיאטרון הבימה
Isracard: תרבות,273. ההצגה ''עושה כרצונו'',כרטיס 1+1 להצגה ''עושה כרצונו'' בתיאטרון הבימה
Isracard: תרבות,274. ההצגה ''1984'',1+1 להצגה ''1984''
Isracard: תרבות,275. ההצגה ''LOVE LOVE LOVE'',1+1 להצגה ''LOVE LOVE LOVE''
Isracard: תרבות,276. ההצגה ''בעלה של אשתי'',1+1 להצגה ''בעלה של אשתי''
Isracard: תרבות,277. ההצגה ''הילד חולם'',1+1 להצגה ''הילד חולם''
Isracard: תרבות,278. ההצגה ''מה עושים עם ג'ני?'',1+1 להצגה ''מה עושים עם ג'ני?''
Isracard: תרבות,279. ההצגה ''ספינינג'',1+1 להצגה ''ספינינג''
Isracard: תרבות,280. ההצגה ''קח את אבא שלך ולך לעזאזל'',1+1 להצגה ''קח את אבא שלך ולך לעזאזל''
Isracard: תרבות,281. סטנדאפ צביקה הדר,כרטיס לסטנדאפ צביקה הדר ב- 95 ₪
Isracard: תרבות,282. ההצגה ''עקומים'',1+1 להצגה ''עקומים''
Isracard: תרבות,283. האשכנזים,כרטיס למופע של האשכנזים ב-60 ₪ במקום 100 ₪
Isracard: תרבות,284. ''בנות עם ביצים'',כרטיס למופע ''בנות עם ביצים'' ב- 60 ₪
Isracard: תרבות,285. כרטיס למופע של ציפורלה,כרטיס למופע ציפורלה ב-105 ₪ במקום 130 ₪
Isracard: תרבות,286. ,"מיומנה לילדים אדרבא, כרטיס ב- 75 ₪ במקום ב- 99 ₪"
Isracard: תרבות,287. ''התקווה'',1+1 ב- 174 ₪ להצגה ''התקווה''
Isracard: תרבות,288. ''שלוש אחיות'',1+1 ב- 174 ₪ להצגה ''שלוש אחיות''
Isracard: תרבות,289. ''משפחה עליזה'',1+1 ב- 174 ש''ח להצגה ''משפחה עליזה''
Isracard: תרבות,290. ''פרידה'',1+1 ב- 174 ₪ להצגה ''פרידה''
Isracard: תרבות,291. ''ופתאום הגיע סתיו'',1+1 ב- 174 ₪ להצגה ''ופתאום הגיע סתיו''
Isracard: תרבות,292. משהו טוב,1+1 ב- 174 ₪ להצגה ''משהו טוב''
Isracard: תרבות,293. ''שייקספיר מאוהב'',1+1 ב- 174 ₪ להצגה ''שייקספיר מאוהב''
Isracard: תרבות,294. מופע - אמריקה,17% הנחה לכרטיס למופע- אמריקה
Isracard: תרבות,295. ''מיקה שלי'',1+1 למחזה המוסיקלי ''מיקה שלי''
Isracard: תרבות,296. אבאא לייב,אבבא לייב - כרטיס רק ב-99 ₪ במקום 125 ₪
Isracard: תרבות,297. NANA MOUSKOURI,החל מ- 139 ₪ לכרטיס להופעה של NANA MOUSKOURI בישראל!
Isracard: תרבות,298. סינטרה וחברים,50 ₪ הנחה לכרטיס למופע סינטרה וחברים
Isracard: תרבות,299. ''אמדאוס נקרע מצחוק'',15% הנחה ל- 4 מופעים ''אמדאוס נקרע מצחוק'' בהנחיית גיל שוחט
Isracard: תרבות,300. פסטיבל העוד,כרטיס שני למופעי פסטיבל העוד ב - 50% הנחה למחזיקי כרטיס ישראכרט
Isracard: תרבות,301. ''מוני ובראבא - שוב ביחד!'',כרטיס למופע   ''מוני ובראבא - שוב ביחד!''  רק ב- 115 ₪ במקום 184 ₪
Isracard: תרבות,302. ''יצירות המופת המוזיקאליות בקולנוע'',סדרת הרצאות ''יצירות המופת המוזיקאליות בקולנוע'' עם גיל שוחט ב-350 ₪ בלבד
Isracard: תרבות,303. סינמטק תל אביב,מנוי שנתי לסרטי הסינמטק ב-430 ₪
Isracard: תרבות,304. סינמטק תל אביב,כרטיס פתוח לסרטי הסינמטק ב-29 ₪ בלבד
Isracard: תרבות,305. מוזיאון משכן לאמנות עין חרוד,כרטיס כניסה למוזיאון משכן לאמנות עין חרוד ב-32 ₪ במקום ב-40 ₪
Isracard: תרבות,306. ''מבשלים זוגיות'',כרטיס למופע ''מבשלים זוגיות'' ב-79 ₪ במקום 95 ₪ ברחבי הארץ
Isracard: תרבות,307. איתי לוי,50 ₪ הנחה על כרטיס להופעה של איתי לוי
Isracard: תרבות,308. ''עיתונאי על תנאי'',1+1 ב-174 ₪ בלבד להצגה ''עיתונאי על תנאי''
Isracard: תרבות,309. ''מי מפחד מוירג'יניה וולף'',1+1 ב-174 ₪ בלבד להצגה ''מי מפחד מוירג'יניה וולף''
Isracard: תרבות,310. מופע הבלט הקלאסי La Bayadere,15% הנחה לכרטיס למופע הבלט הקלאסי   La Bayadere
Isracard: תרבות,311. הפסטיבל היהודי הבינלאומי לתרבות עכשווית,כרטיס שני ב- 50% הנחה לפסטיבל היהודי הבינלאומי לתרבות עכשווית
Isracard: תרבות,312. ערב הסטנדאפ המשובח,כרטיס לערב הסטנדאפ המשובח ב- 60 ₪ במקום 85 ₪
Isracard: תרבות,313. ,כרטיס להצגה ''אנשים מקומות ודברים'' ב-69 ₪ בבית ליסין
Isracard: תרבות,314. ''שבעה'',כרטיס להצגה ''שבעה'' ב-69 ₪ בבית ליסין
Isracard: תרבות,315. ''אוסלו'',כרטיס להצגה ''אוסלו'' ב-85 ₪ בבית ליסין
Isracard: תרבות,316. סטנדאפ - ארז קליימן,כרטיס לסטנדאפ של ארז קליימן ב-55 ₪ במקום ב-80 ₪
Isracard: תרבות,317. צ'ייקובסקי - הסימפוניה ''הפתטית'',"צ'ייקובסקי - הסימפוניה ''הפתטית'', באך קנטטה, פורה-פאוואן ב-60 ₪ לכרטיס במקום 100 ₪"
Isracard: תרבות,318. להקת הפלמנקו רמנגאר,1+1 על כרטיס למופע של להקת הפלמנקו רמנגאר
Isracard: תרבות,319. המופע MMA BELLATOR,20% הנחה על כרטיס למופע   MMA BELLATOR
Isracard: תרבות,320. המופע UK Pink Floyd Experience,50 ₪ הנחה לכרטיס בכל רמות המחיר למופע   UK Pink Floyd Experience
Isracard: תרבות,321. פשבר - ניקי גולדשטיין,ניקי גולדשטיין- כרטיס רק ב- 70 ₪ במקום 96 ₪
Isracard: תרבות,322. פשבר - דניאל אסייג,דניאל אסייג - כרטיס רק ב- 55 ₪ במקום 76 ₪
Isracard: תרבות,323. פשבר - יעל לבנטל,כרטיס ב- 85 ₪ במקום 105 ₪ למופע של יעל לבנטל
Isracard: תרבות,324. פשבר - ליטל שוורץ,כרטיס ב- 70 ₪ במקום 105 ₪ למופע של ליטל שוורץ
Isracard: תרבות,325. באושר ועושר,כרטיס במחיר 80 ₪ במקום 105 ₪ למופע באושר ועושר
Isracard: תרבות,326. בן בן ברוך,בן בן ברוך- כרטיס במחיר 75 ₪ במקום 96 ₪
Isracard: תרבות,327. אבי נוסבאום,כרטיס ב- 75 ₪ במקום 115 ₪ למופע של אבי נוסבאום
Isracard: תרבות,328. אורנה בנאי,כרטיס במחיר 75 ₪ במקום 115 ₪ למופע של אורנה בנאי
Isracard: תרבות,329. דב נבון,דב נבון- כרטיס במחיר 85 ₪ במקום 105 ₪
Isracard: תרבות,330. מפגש מושונוב,כרטיס במחיר 85 ₪ במקום 116 ₪ למופע מפגש מושונוב
Isracard: תרבות,331. חזי דין,חזי דין - כרטיס במחיר 80 ₪ במקום 111 ₪
Isracard: תרבות,332. מייקל,כרטיס במחיר 85 ₪ במקום 126 ₪ למופע מייקל
Isracard: תרבות,333. הרשימה,הרשימה - כרטיס במחיר 55 ₪ במקום 85 ₪
Isracard: תרבות,334. ילדים סורגים 2,כרטיס במחיר 85 ₪ במקום 105 ₪ למופע ילדים סורגים 2
Isracard: תרבות,335. ארז שלם,ארז שלם - כרטיס במחיר 65 ₪ במקום 91 ₪
Isracard: תרבות,336. חנוך דאום,כרטיס במחיר 85 ₪ במקום 125 ₪ למופע של חנוך דאום
Isracard: תרבות,337. נמרוד הראל,נמרוד הראל - כרטיס במחיר 104 ₪ במקום 125 ₪
Isracard: תרבות,338. מה קשור,מה קשור  - כרטיס במחיר 90 ₪ במקום 125 ₪
Isracard: תרבות,339. תיאטרון גשר - מסעות אודיסאוס,1 + 1  מהמחיר המלא לכל דרגות המחיר למסעות אודיסאוס
