CalCashBack,A4C,4.5% החזר כספי
CalCashBack,ABC Carpet & Home,3% החזר כספי
CalCashBack,Acer Online Store,עד 4.5% החזר כספי
CalCashBack,Alibris,4% החזר כספי
CalCashBack,AliExpress,עד 8% החזר כספי
CalCashBack,American Eagel Outfitters,1% החזר כספי
CalCashBack,AMI Club Wear,עד 8% החזר כספי
CalCashBack,Anytime Costumes,6% החזר כספי
CalCashBack,Arrow Direct,4.5% החזר כספי
CalCashBack,Ashford,4% החזר כספי
CalCashBack,Ashley Homestore,2% החזר כספי
CalCashBack,ASOS,עד 9.5% החזר כספי
CalCashBack,Audio Advice,עד 4% החזר כספי
CalCashBack,Auto Barn,6% החזר כספי
CalCashBack,Auto Europe Car Rentals,עד 4% החזר כספי
CalCashBack,AVG,עד 20% החזר כספי
CalCashBack,Avis Rent A Car,2% החזר כספי
CalCashBack,baby basket,5.5% החזר כספי
CalCashBack,Banggood,עד 4% החזר כספי
CalCashBack,Barnes & Noble,עד 3.5% החזר כספי
CalCashBack,Beauty Encounter,0.5% החזר כספי
CalCashBack,BeltOutlet,6% החזר כספי
CalCashBack,BestBuy,עד 0.5% החזר כספי
CalCashBack,Best of Orlando,עד 4.5% החזר כספי
CalCashBack,Better World Books,עד 4.5% החזר כספי
CalCashBack,BH Cosmetics,9.5% החזר כספי
CalCashBack,Birthday In a Box,2% החזר כספי
CalCashBack,Bloomingdale's,עד 6% החזר כספי
CalCashBack,Blue & Cream,5.5% החזר כספי
CalCashBack,BooksAMillion,3% החזר כספי
CalCashBack,Boscov's,4% החזר כספי
CalCashBack,BPI Sports,16% החזר כספי
CalCashBack,Brayola,עד 4.5% החזר כספי
CalCashBack,Brickhouse Security,עד 3% החזר כספי
CalCashBack,Buy In Coins,6% החזר כספי
CalCashBack,CNDirect,6% החזר כספי
CalCashBack,CooliCool,עד 3.5% החזר כספי
CalCashBack,Costume Craze,עד 4.5% החזר כספי
CalCashBack,Costumediscounters,6% החזר כספי
CalCashBack,Costume Supercenter,2% החזר כספי
CalCashBack,CyberLink,עד 12% החזר כספי
CalCashBack,DealExtreme,עד 5.5% החזר כספי
CalCashBack,Design By Humans,עד 8% החזר כספי
CalCashBack,DHgate,1.5% החזר כספי
CalCashBack,DON'T TELL MAMA,8% החזר כספי
CalCashBack,Dress Lily,עד 4.5% החזר כספי
CalCashBack,eBay,עד 4.5% החזר כספי
CalCashBack,Expedia,עד 3.5% החזר כספי
CalCashBack,FastTech,4% החזר כספי
CalCashBack,Find Costume,עד 6% החזר כספי
CalCashBack,finupp,עד 10% החזר כספי
CalCashBack,Focalprice,6% החזר כספי
CalCashBack,gamiss,20% החזר כספי
CalCashBack,Gearbest,עד 4% החזר כספי
CalCashBack,Geekbuying,3% החזר כספי
CalCashBack,GLAM GURU,8% החזר כספי
CalCashBack,Halloween Costumes,עד 9.5% החזר כספי
CalCashBack,Hanes,עד 2% החזר כספי
CalCashBack,Hotels.com,2% החזר כספי
CalCashBack,IGXO cosmetics,עד 9.5% החזר כספי
CalCashBack,InterContinental Hotels Group,4% החזר כספי
CalCashBack,Just Be Nice,12% החזר כספי
CalCashBack,kipling,8% החזר כספי
CalCashBack,Kiwi.com,2% החזר כספי
CalCashBack,Laura Ashley,4% החזר כספי
CalCashBack,Lenovo,עד 3.5% החזר כספי
CalCashBack,Lookbook Store,8% החזר כספי
CalCashBack,Lulu Frost,עד 8% החזר כספי
CalCashBack,Macy's,עד 4% החזר כספי
CalCashBack,MiniInTheBox,עד 4.5% החזר כספי
CalCashBack,Nastydress,עד 6% החזר כספי
CalCashBack,NBA store,4.5% החזר כספי
CalCashBack,New Balance,עד 6% החזר כספי
CalCashBack,Newchic,8% החזר כספי
CalCashBack,NIKE,3.5% החזר כספי
CalCashBack,Old Navy,עד 1% החזר כספי
CalCashBack,PandaHall,5.5% החזר כספי
CalCashBack,PatPat,עד 9.5% החזר כספי
CalCashBack,Perfume,עד 8% החזר כספי
CalCashBack,PinkQueen,עד 24% החזר כספי
CalCashBack,PopJulia,עד 8% החזר כספי
CalCashBack,Private Island Party,עד 8% החזר כספי
CalCashBack,REALHER,8% החזר כספי
CalCashBack,Rosewholesale,עד 6% החזר כספי
CalCashBack,SammyDress,עד 12% החזר כספי
CalCashBack,shoesonline,5.5% החזר כספי
CalCashBack,SIXT rent a car,עד 4.5% החזר כספי
CalCashBack,SmartBuyGlasses,5.5% החזר כספי
CalCashBack,Sonos,3% החזר כספי
CalCashBack,Superdry,עד 4.5% החזר כספי
CalCashBack,Swiss,0.5% החזר כספי
CalCashBack,Tbdress,8% החזר כספי
CalCashBack,Thinkgeek,עד 5% החזר כספי
CalCashBack,Tidebuy,עד 8% החזר כספי
CalCashBack,TinyDeal,עד 8% החזר כספי
CalCashBack,Tommy John,1% החזר כספי
CalCashBack,Tomtop,עד 10% החזר כספי
CalCashBack,Twinkledeals,עד 8% החזר כספי
CalCashBack,V - Care,5.5% החזר כספי
CalCashBack,V - Femina,5.5% החזר כספי
CalCashBack,xblade,5.5% החזר כספי
CalCashBack,YOINS,8% החזר כספי
CalCashBack,Zaful,עד 11% החזר כספי
CalCashBack,דלתא,0.5% החזר כספי
